INSERT INTO public.municipio (id_municipio, nombre, area, altitud) VALUES 
(1, 'AGUA DE DIOS', 50, 370),
(2, 'ALBÁN', 120, 1650),
(3, 'ANAPOIMA', 125, 710),
(4, 'ANOLAIMA', 200, 1440),
(5, 'ARBELÁEZ', 80, 1390),
(6, 'BELTRÁN', 80, 280),
(7, 'BITUIMA', 115, 1450),
(8, 'BOJACÁ', 80, 2600),
(9, 'CABRERA', 60, 1900),
(10, 'CACHIPAY', 125, 1340),
(11, 'CAJICÁ', 50, 2558),
(12, 'CAPARRAPÍ', 200, 1480),
(13, 'CÁQUEZA', 96, 1700),
(14, 'CARMEN DE CARUPA', 120, 2580),
(15, 'CHAGUANÍ', 156, 820),
(16, 'CHÍA', 80, 2564),
(17, 'CHIPAQUE', 116, 2450),
(18, 'CHOACHÍ', 226, 1950),
(19, 'CHOCONTÁ', 155, 2590),
(20, 'COGUA', 105, 2550),
(21, 'COTA', 54, 2565),
(22, 'CUCUNUBÁ', 135, 2595),
(23, 'EL COLEGIO', 97, 1400),
(24, 'EL PEÑÓN', 180, 1490),
(25, 'EL ROSAL', 64, 2630),
(26, 'FACATATIVÁ', 158, 2586),
(27, 'FÓMEQUE', 300, 1800),
(28, 'FOSCA', 120, 1900),
(29, 'FUNZA', 50, 2540),
(30, 'FÚQUENE', 95, 2540),
(31, 'FUSAGASUGÁ', 208, 1765),
(32, 'GACHALÁ', 180, 430),
(33, 'GACHANCIPÁ', 64, 2585),
(34, 'GAMA', 85, 1880),
(35, 'GIRARDOT', 129, 289),
(36, 'GRANADA', 80, 1380),
(37, 'GUACHETÁ', 120, 2590),
(38, 'GUADUAS', 225, 220),
(39, 'GUASCA', 350, 2710),
(40, 'GUATAQUÍ', 72, 283),
(41, 'GUATAVITA', 150, 2680),
(42, 'GUAYABAL DE SÍQUIMA', 115, 1530),
(43, 'GUAYABETAL', 85, 720),
(44, 'GUTIÉRREZ', 120, 1980),
(45, 'JERUSALÉN', 69, 289),
(46, 'JUNÍN', 170, 2600),
(47, 'LA CALERA', 290, 2700),
(48, 'LA MESA', 150, 1200),
(49, 'LA PALMA', 190, 1640),
(50, 'LA PEÑA', 85, 1400),
(51, 'LA VEGA', 112, 1250),
(52, 'LENGUAZAQUE', 147, 2600),
(53, 'MACHETÁ', 132, 2150),
(54, 'MADRID', 120, 2554),
(55, 'MANTA', 110, 1950),
(56, 'MEDINA', 400, 240),
(57, 'MOSQUERA', 50, 2544),
(58, 'NARIÑO', 60, 2575),
(59, 'NEMOCÓN', 150, 2550),
(60, 'NILO', 120, 290),
(61, 'NIMAIMA', 200, 1300),
(62, 'NOCAIMA', 140, 1260),
(63, 'PACHO', 148, 1950),
(64, 'PAIME', 110, 2400),
(65, 'PANDI', 97, 1300),
(66, 'PARATEBUENO', 700, 240),
(67, 'PASCA', 140, 2260),
(68, 'PUERTO SALGAR', 200, 150),
(69, 'PULÍ', 96, 1400),
(70, 'QUEBRADANEGRA', 172, 1260),
(71, 'QUETAME', 160, 1290),
(72, 'QUIPILE', 120, 1300),
(73, 'RICAURTE', 95, 289),
(74, 'SAN ANTONIO DEL TEQUENDAMA', 90, 1400),
(75, 'SAN BERNARDO', 140, 1950),
(76, 'SAN CAYETANO', 120, 2400),
(77, 'SAN FRANCISCO', 110, 1800),
(78, 'SAN JUAN DE RÍO SECO', 230, 970),
(79, 'SASAIMA', 130, 1350),
(80, 'SESQUILÉ', 160, 2600),
(81, 'SIBATÉ', 125, 2700),
(82, 'SILVANIA', 140, 1450),
(83, 'SIMIJACA', 90, 2565),
(84, 'SOACHA', 185, 2600),
(85, 'SOPÓ', 115, 2580),
(86, 'SUBACHOQUE', 180, 2550),
(87, 'SUESCA', 185, 2580),
(88, 'SUPATÁ', 140, 1640),
(89, 'SUSA', 95, 2550),
(90, 'SUTATAUSA', 120, 2590),
(91, 'TABIO', 75, 2550),
(92, 'TAUSA', 178, 2590),
(93, 'TENA', 80, 1250),
(94, 'TENJO', 98, 2580),
(95, 'TIBACUY', 140, 1400),
(96, 'TIBIRITA', 120, 1950),
(97, 'TOCAIMA', 172, 400),
(98, 'TOCANCIPÁ', 82, 2590),
(99, 'TOPAIPÍ', 185, 1480),
(100, 'UBALÁ', 950, 1800),
(101, 'UBAQUE', 90, 1950),
(102, 'UBATÉ', 120, 2550),
(103, 'UNE', 230, 2350),
(104, 'ÚTICA', 160, 1400),
(105, 'VENECIA', 105, 1420),
(106, 'VERGARA', 126, 1400),
(107, 'VIANÍ', 118, 1400),
(108, 'VILLAGÓMEZ', 140, 1650),
(109, 'VILLAPINZÓN', 215, 2580),
(110, 'VILLETA', 144, 850),
(111, 'VIOTÁ', 166, 1260),
(112, 'YACOPÍ', 930, 1300),
(113, 'ZIPACÓN', 123, 1660),
(114, 'ZIPAQUIRÁ', 197, 2550);

INSERT INTO public.vivienda (id_vivienda, direccion, capacidad, niveles) VALUES 
(1, 'Carrera 11 #24-56', 5, 2),
(2, 'Calle 16 #13-40', 4, 1),
(3, 'Avenida Esperanza #51-30', 7, 3),
(4, 'Carrera 6 #9-15', 6, 2),
(5, 'Calle 21 #16-28', 5, 1),
(6, 'Avenida Ciudad de Cali #36-50', 9, 3),
(7, 'Carrera 31 #29-20', 8, 2),
(8, 'Calle 26 #19-30', 7, 2),
(9, 'Avenida 70 #15-20', 10, 4),
(10, 'Carrera 8 #6-10', 4, 1),
(11, 'Calle 13 #11-8', 3, 1),
(12, 'Avenida Américas #41-25', 6, 2),
(13, 'Carrera 19 #23-20', 5, 1),
(14, 'Calle 36 #31-40', 7, 2),
(15, 'Avenida Carrera 68 #18-30', 8, 3),
(16, 'Carrera 51 #46-60', 9, 3),
(17, 'Calle 41 #39-50', 6, 2),
(18, 'Avenida Cali #53-20', 11, 4),
(19, 'Carrera 13 #10-6', 4, 1),
(20, 'Calle 29 #21-18', 5, 1),
(21, 'Avenida El Dorado #31-40', 7, 2),
(22, 'Carrera 26 #23-25', 8, 3),
(23, 'Calle 51 #36-45', 5, 1),
(24, 'Avenida Boyacá #41-50', 9, 3),
(25, 'Carrera 18 #15-18', 6, 2),
(26, 'Calle 61 #56-70', 10, 4),
(27, 'Avenida Eldorado #13-15', 8, 3),
(28, 'Carrera 23 #19-30', 7, 2),
(29, 'Calle 71 #66-80', 6, 1),
(30, 'Avenida 19 #31-35', 9, 3),
(31, 'Carrera 34 #29-40', 7, 2),
(32, 'Calle 45 #25-50', 8, 3),
(33, 'Avenida Villas #60-30', 9, 4),
(34, 'Carrera 20 #12-8', 5, 2),
(35, 'Calle 55 #40-70', 6, 1),
(36, 'Avenida Primavera #42-50', 7, 3),
(37, 'Carrera 48 #51-60', 10, 4),
(38, 'Calle 33 #22-15', 4, 1),
(39, 'Avenida San José #35-40', 9, 3),
(40, 'Carrera 27 #18-10', 6, 2),
(41, 'Calle 50 #45-55', 8, 3);



INSERT INTO public.persona (id_persona, nombre, documento, celular, edad, sexo) VALUES 
(1, 'ORLANDO CASTAÑEDA MONTENEGRO', '100000001', '3211000001', 35, 'M'),
(2, 'HECTOR ORLANDO BARRERA CARDENAS', '100000002', '3211000002', 42, 'M'),
(3, 'YAMITH RODRIGO RODRIGUEZ LOPEZ', '100000003', '3211000003', 29, 'M'),
(4, 'OSCAR EDUARDO BOADA CASTRO', '100000004', '3211000004', 38, 'M'),
(5, 'DANIEL LOPEZ VALLEJO', '100000005', '3211000005', 31, 'M'),
(6, 'EDWIN RENE PAVA RINCON', '100000006', '3211000006', 34, 'M'),
(7, 'FABIO FIGUEROA JIMENEZ', '100000007', '3211000007', 37, 'M'),
(8, 'RAFAEL ANTONIO RATIVA DIAZ', '100000008', '3211000008', 40, 'M'),
(9, 'BEATRIZ PAEZ CASTELLANOS', '100000009', '3211000009', 29, 'F'),
(10, 'MIGUEL ANTONIO CASTILLO BARRAGAN', '100000010', '3211000010', 38, 'M'),
(11, 'WYLLAN ORLANDO PEÑALOZA ALBARRACIN', '100000011', '3211000011', 35, 'M'),
(12, 'ISNARDO ALFONSO CASTELLANOS PEÑA', '100000012', '3211000012', 42, 'M'),
(13, 'JAIME YESID RODRIGUEZ ROMERO', '100000013', '3211000013', 31, 'M'),
(14, 'JUAN ALCIBIADES CELY AMAYA', '100000014', '3211000014', 34, 'M'),
(15, 'FIYER ALEXANDER URREGO BEJARANO', '100000015', '3211000015', 37, 'M'),
(16, 'WILMAR ANCISAR TRIANA GONZALEZ', '100000016', '3211000016', 40, 'M'),
(17, 'ELKIN YAMID SUAREZ PACHECO', '100000017', '3211000017', 29, 'M'),
(18, 'CAMILO ANDRES CAICEDO SILVA', '100000018', '3211000018', 38, 'M'),
(19, 'JOSE MIGUEL VELANDIA ALARCON', '100000019', '3211000019', 35, 'M'),
(20, 'FABIAN ARMANDO SILVA SANCHEZ', '100000020', '3211000020', 42, 'M'),
(21, 'RAFAEL ANTONIO FONSECA CELY', '100000021', '3211000021', 31, 'M'),
(22, 'DIDIER AURELIO MARTINEZ VARGAS', '100000022', '3211000022', 34, 'M'),
(23, 'RAMIRO FONSECA CRUZ', '100000023', '3211000023', 37, 'M'),
(24, 'NELSON PEREZ SUAREZ', '100000024', '3211000024', 40, 'M'),
(25, 'AURORA DEL CARMEN NIETO MOLINA', '100000025', '3211000025', 29, 'F'),
(26, 'PEDRO ANTONIO LOPEZ PRIETO', '100000026', '3211000026', 38, 'M'),
(27, 'WILSON ISAY MORENO VEGA', '100000027', '3211000027', 35, 'M'),
(28, 'AURA BENILDA TEGRIA CRISTANCHO', '100000028', '3211000028', 42, 'F'),
(29, 'JOSE MOISES CASTILLO DUARTE', '100000029', '3211000029', 31, 'M'),
(30, 'SEGUNDO ALDEMAR TOCA SUAREZ', '100000030', '3211000030', 34, 'M'),
(31, 'HERNEL DAVID ORTEGA GÓMEZ', '100000031', '3211000031', 37, 'M'),
(32, 'TOMAS RUIZ SILVA', '100000032', '3211000032', 40, 'M'),
(33, 'EDBERTO JOSE JAIME COCUNUBO', '100000033', '3211000033', 29, 'M'),
(34, 'EMILIANO ALFONSO CHAPARRO FONSECA', '100000034', '3211000034', 38, 'M'),
(35, 'WILMAR JULIAN RINCON MARIÑO', '100000035', '3211000035', 35, 'M'),
(36, 'PEDRO ALONSO AGUILLON PUENTES', '100000036', '3211000036', 42, 'M'),
(37, 'JOSE ALIRIO OCHICA PEREZ', '100000037', '3211000037', 31, 'M'),
(38, 'FABIO AUGUSTO AREVALO', '100000038', '3211000038', 34, 'M'),
(39, 'WILSON FERNANDO BARON GOMEZ', '100000039', '3211000039', 37, 'M'),
(40, 'IVAN CAMILO CAMERO ALFONSO', '100000040', '3211000040', 40, 'M'),
(41, 'JOHN SANTIAGO RUIZ ALFONSO', '100000041', '3211000041', 29, 'M'),
(42, 'JUAN DE JESUS ESTUPIÑAN PEREZ', '100000042', '3211000042', 38, 'M'),
(43, 'ROBINSON LEANDRO SALAMANCA RINCON', '100000043', '3211000043', 35, 'M'),
(44, 'NUBIA JACQUELINE CARO PEREZ', '100000044', '3211000044', 42, 'F'),
(45, 'MAYERLY BAEZ MERCHAN', '100000045', '3211000045', 31, 'F'),
(46, 'ERICA PAOLA PEÑA ALVAREZ', '100000046', '3211000046', 34, 'F'),
(47, 'RAUL HERNANDO RODRIGUEZ CHAVARRO', '100000047', '3211000047', 37, 'M'),
(48, 'RONALD GERARDO CORDERO JAIME', '100000048', '3211000048', 40, 'M'),
(49, 'LEONARDO VEGA BUSTOS', '100000049', '3211000049', 29, 'M'),
(50, 'JAVIER ANDRES SOLANO ROJAS', '100000050', '3211000050', 38, 'M'),
(51, 'IMER YARIDMA MURCIA MONROY', '100000051', '3211000051', 35, 'F'),
(52, 'FREDY ALEXANDER HOLGUIN RUIZ', '100000052', '3211000052', 42, 'M'),
(53, 'MARCO FIDEL SILVA ROJAS', '100000053', '3211000053', 31, 'M'),
(54, 'OSWALDO PEREZ QUIROZ', '100000054', '3211000054', 34, 'M'),
(55, 'JOSE CLODOMIRO ARIZA PARDO', '100000055', '3211000055', 37, 'M'),
(56, 'MERY MOZO FONSECA', '100000056', '3211000056', 40, 'F'),
(57, 'NEICER ALBEIRO SUSA SOTELO', '100000057', '3211000057', 29, 'M'),
(58, 'ALFREDO HERNANDO NIÑO SIERRA', '100000058', '3211000058', 38, 'M'),
(59, 'HECTOR WILSON CASTELBLANCO RODRIGUEZ', '100000059', '3211000059', 35, 'M'),
(60, 'FREDY ALEXANDER GARZON ROJAS', '100000060', '3211000060', 42, 'M'),
(61, 'EVELIO PUENTES ROCHA', '100000061', '3211000061', 31, 'M'),
(62, 'JOSE FERNANDO ROA ORJUELA', '100000062', '3211000062', 34, 'M'),
(63, 'ELBER YAMID PEDROS HOLGUIN', '100000063', '3211000063', 37, 'M'),
(64, 'FABIO ALBERTO MEDRANO REYES', '100000064', '3211000064', 40, 'M'),
(65, 'JESUS NOE RIVEROS LOPEZ', '100000065', '3211000065', 29, 'M'),
(66, 'JORGE MARIO IBAÑEZ ARANGO', '100000066', '3211000066', 38, 'M'),
(67, 'HENRY IVAN MATALLANA TORRES', '100000067', '3211000067', 35, 'M'),
(68, 'BENJAMIN PEREZ CRISTANCHO', '100000068', '3211000068', 42, 'M'),
(69, 'EDWARD EDIXON ARCHILA GONZALEZ', '100000069', '3211000069', 31, 'M'),
(70, 'MANUEL ALEJANDRO TAMBO RODRIGUEZ', '100000070', '3211000070', 34, 'M'),
(71, 'WILTON GIOVANI RUIZ CORREA', '100000071', '3211000071', 37, 'M'),
(72, 'JICLY ESGARDO MUTIS ISAZA', '100000072', '3211000072', 40, 'M'),
(73, 'CARLOS ALBERTO AVILA CEPEDA', '100000073', '3211000073', 29, 'M'),
(74, 'JOSE MOISES AGUIRRE SANABRIA', '100000074', '3211000074', 38, 'M'),
(75, 'JOSE HERNAN SIERRA BUITRAGO', '100000075', '3211000075', 35, 'M'),
(76, 'SANDRO RODOLFO BORDA ROJAS', '100000076', '3211000076', 42, 'M'),
(77, 'JEFERSON LEONARDO ORTIZ SANABRIA', '100000077', '3211000077', 31, 'M'),
(78, 'HUGO BUITRAGO', '100000078', '3211000078', 34, 'M'),
(79, 'LUIS ALBERTO APONTE GOMEZ', '100000079', '3211000079', 37, 'M'),
(80, 'MIGUEL ANTONIO MORA VALLEJO', '100000080', '3211000080', 40, 'M'),
(81, 'ELDER ACUÑA SANCHEZ', '100000081', '3211000081', 29, 'M'),
(82, 'JUAN CARLOS BUITRAGO SALGADO', '100000082', '3211000082', 38, 'M'),
(83, 'MILTON DIAZ BONILLA', '100000083', '3211000083', 35, 'M'),
(84, 'OSCAR TRIVIÑO GIL', '100000084', '3211000084', 42, 'M'),
(85, 'NEYDER MAURICIO OBANDO FORERO', '100000085', '3211000085', 31, 'M'),
(86, 'PABLO ANTONIO BERNAL SANCHEZ', '100000086', '3211000086', 34, 'M'),
(87, 'RAUL FERNANDO MORENO WALTEROS', '100000087', '3211000087', 37, 'M'),
(88, 'WILSON RICARDO BAEZ SOLANO', '100000088', '3211000088', 40, 'M'),
(89, 'WILLIAM GUSTAVO PARRA MERCHAN', '100000089', '3211000089', 29, 'M'),
(90, 'JIMENO GARCIA GARCIA', '100000090', '3211000090', 38, 'M'),
(91, 'EDISON MANUEL APARICIO ARISMENDY', '100000091', '3211000091', 35, 'M'),
(92, 'JAIRO GRIJALBA LANCHEROS', '100000092', '3211000092', 42, 'M'),
(93, 'CARLOS JAVIER GUTIERREZ SANDOVAL', '100000093', '3211000093', 31, 'M'),
(94, 'ZANDRA MARIA BERNAL RINCON', '100000094', '3211000094', 34, 'F'),
(95, 'WILLIAM EUSEBIO CORREA DURAN', '100000095', '3211000095', 37, 'M'),
(96, 'RIGOBERTO ALFONSO PEREZ', '100000096', '3211000096', 40, 'M'),
(97, 'EDISON ROLANDO GAITAN ROA', '100000097', '3211000097', 29, 'M'),
(98, 'FLAVIO HERNAN LARGO DURAN', '100000098', '3211000098', 38, 'M'),
(99, 'JOSE MISAEL NEVA OCACION', '100000099', '3211000099', 35, 'M'),
(100, 'HENRY SANTIAGO SUTA TOCA', '100000100', '3211000100', 42, 'M'),
(101, 'SILVIO ALBERTO RINCON ORTEGA', '100000101', '3211000101', 31, 'M'),
(102, 'FRANCISCO JAVIER VILLAMIL', '100000102', '3211000102', 34, 'M'),
(103, 'OSCAR YOVANY MONTENEGRO SALCEDO', '100000103', '3211000103', 37, 'M'),
(104, 'JUAN YESID CUSBA TIBADUIZA', '100000104', '3211000104', 40, 'M'),
(105, 'JOSE LUIS GOMEZ ALFONSO', '100000105', '3211000105', 29, 'M'),
(106, 'GUSTAVO ALEXANDER GARCIA PARRA', '100000106', '3211000106', 38, 'M'),
(107, 'GLORIA CECILIA PALACIOS GUASTAR', '100000107', '3211000107', 35, 'F'),
(108, 'ALSILVER SIERRA MENDIETA', '100000108', '3211000108', 42, 'M'),
(109, 'CARLOS NELSON DIAZ PEREZ', '100000109', '3211000109', 31, 'M'),
(110, 'SEGUNDO CRISANTO OCHOA DIAZ', '100000110', '3211000110', 34, 'M'),
(111, 'GERMAN AUGUSTO SANCHEZ SANCHEZ', '100000111', '3211000111', 37, 'M'),
(112, 'ALVARO HENRY BARRERA DIAZ', '100000112', '3211000112', 40, 'M'),
(113, 'ERIVERTO CRUZ RIAÑO', '100000113', '3211000113', 29, 'M'),
(114, 'LUIS ALEJANDRO FÚNEME GONZÁLEZ', '100000114', '3211000114', 38, 'M'),
(115, 'ERMES URIEL COMBITA SANTANA', '100000115', '3211000115', 35, 'M'),
(116, 'PEDRO ANTONIO MURILLO MORENO', '100000116', '3211000116', 42, 'M'),
(117, 'WILBLIN YESID SOTO MONROY', '100000117', '3211000117', 31, 'M'),
(118, 'JHON ALEXANDER ORTIZ SISSA', '100000118', '3211000118', 34, 'M'),
(119, 'RAFAEL ERNESTO RAMIREZ VALERO', '100000119', '3211000119', 37, 'M'),
(120, 'NELSON BOHORQUEZ OTALORA', '100000120', '3211000120', 40, 'M'),
(121, 'JOSUE JAVIER CASTELLANOS MORALES', '100000121', '3211000121', 29, 'M'),
(122, 'GREGORIO RODRIGUEZ SOLER', '100000122', '3211000122', 38, 'M'),
(123, 'OSCAR YAMID RAMIREZ LOPEZ', '100000123', '3211000123', 35, 'M'),
(124, 'ANDRES FELIPE GONZALEZ LOPEZ', '100000124', '3211000124', 28, 'M'),
(125, 'MARIA FERNANDA RAMIREZ CASTRO', '100000125', '3211000125', 29, 'F'),
(126, 'JUAN CARLOS HERNANDEZ CRUZ', '100000126', '3211000126', 30, 'M'),
(127, 'ANA ISABEL GOMEZ GARCIA', '100000127', '3211000127', 31, 'F'),
(128, 'LUIS EDUARDO MARTINEZ RODRIGUEZ', '100000128', '3211000128', 32, 'M'),
(129, 'LAURA CAMILA DIAZ MARTINEZ', '100000129', '3211000129', 33, 'F'),
(130, 'CARLOS ANDRES SANCHEZ LOPEZ', '100000130', '3211000130', 34, 'M'),
(131, 'ANGELA PATRICIA CASTRO GONZALEZ', '100000131', '3211000131', 35, 'F'),
(132, 'JUAN DAVID RODRIGUEZ HERNANDEZ', '100000132', '3211000132', 36, 'M'),
(133, 'ANDREA CAROLINA LOPEZ RAMIREZ', '100000133', '3211000133', 37, 'F'),
(134, 'SEBASTIAN ALEJANDRO PEREZ GOMEZ', '100000134', '3211000134', 38, 'M'),
(135, 'DIANA MARCELA GARCIA HERNANDEZ', '100000135', '3211000135', 39, 'F'),
(136, 'MARIO FERNANDO MARTINEZ PEREZ', '100000136', '3211000136', 40, 'M'),
(137, 'PAULA ANDREA RODRIGUEZ CASTRO', '100000137', '3211000137', 41, 'F'),
(138, 'FELIPE ANDRES GOMEZ RAMIREZ', '100000138', '3211000138', 42, 'M'),
(139, 'SARA VANESSA HERNANDEZ GARCIA', '100000139', '3211000139', 43, 'F'),
(140, 'JORGE HUMBERTO CASTRO RODRIGUEZ', '100000140', '3211000140', 44, 'M'),
(141, 'ANA SOFIA LOPEZ HERNANDEZ', '100000141', '3211000141', 45, 'F'),
(142, 'MIGUEL ANGEL RAMIREZ PEREZ', '100000142', '3211000142', 46, 'M'),
(143, 'CAROLINA ANDREA GOMEZ CASTRO', '100000143', '3211000143', 47, 'F'),
(144, 'EDUARDO JOSE GARCIA HERNANDEZ', '100000144', '3211000144', 48, 'M'),
(145, 'ANDREA JULIANA MARTINEZ RAMIREZ', '100000145', '3211000145', 49, 'F'),
(146, 'RICARDO ALEJANDRO PEREZ GOMEZ', '100000146', '3211000146', 50, 'M'),
(147, 'MARIA ALEJANDRA HERNANDEZ GARCIA', '100000147', '3211000147', 51, 'F'),
(148, 'JUAN CARLOS CASTRO RODRIGUEZ', '100000148', '3211000148', 52, 'M'),
(149, 'ANA MARIA LOPEZ HERNANDEZ', '100000149', '3211000149', 53, 'F'),
(150, 'CARLOS ENRIQUE RAMIREZ PEREZ', '100000150', '3211000150', 54, 'M'),
(151, 'PAOLA ANDREA GOMEZ CASTRO', '100000151', '3211000151', 55, 'F'),
(152, 'ANDRES FELIPE HERNANDEZ GARCIA', '100000152', '3211000152', 56, 'M'),
(153, 'MARIA FERNANDA CASTRO RODRIGUEZ', '100000153', '3211000153', 57, 'F');


INSERT INTO public.gobierna (id_persona,id_municipio) VALUES
(1,1),
(2,2),
(3,3),
(4,4),
(5,5),
(6,6),
(7,7),
(8,8),
(9,9),
(10,10),
(11,11),
(12,12),
(13,13),
(14,14),
(15,15),
(16,16),
(17,17),
(18,18),
(19,19),
(20,20),
(21,21),
(22,22),
(23,23),
(24,24),
(25,25),
(26,26),
(27,27),
(28,28),
(29,29),
(30,30),
(31,31),
(32,32),
(33,33),
(34,34),
(35,35),
(36,36),
(37,37),
(38,38),
(39,39),
(40,40),
(41,41),
(42,42),
(43,43),
(44,44),
(45,45),
(46,46),
(47,47),
(48,48),
(49,49),
(50,50),
(51,51),
(52,52),
(53,53),
(54,54),
(55,55),
(56,56),
(57,57),
(58,58),
(59,59),
(60,60),
(61,61),
(62,62),
(63,63),
(64,64),
(65,65),
(66,66),
(67,67),
(68,68),
(69,69),
(70,70),
(71,71),
(72,72),
(73,73),
(74,74),
(75,75),
(76,76),
(77,77),
(78,78),
(79,79),
(80,80),
(81,81),
(82,82),
(83,83),
(84,84),
(85,85),
(86,86),
(87,87),
(88,88),
(89,89),
(90,90),
(91,91),
(92,92),
(93,93),
(94,94),
(95,95),
(96,96),
(97,97),
(98,98),
(99,99),
(100,100),
(101,101),
(102,102),
(103,103),
(104,104),
(105,105),
(106,106),
(107,107),
(108,108),
(109,109),
(110,110),
(111,111),
(112,112),
(113,113),
(114,114);

INSERT INTO public.dependiente (id_cabeza_familia,id_dependiente) VALUES
(1,1),
(2,2),
(3,3),
(4,4),
(5,5),
(6,6),
(7,7),
(8,8),
(9,9),
(10,10),
(11,11),
(12,12),
(13,13),
(14,14),
(15,15),
(16,16),
(17,17),
(18,18),
(19,19),
(20,20),
(21,21),
(22,22),
(23,23),
(24,24),
(25,25),
(26,26),
(27,27),
(28,28),
(29,29),
(30,30),
(31,31),
(32,32),
(33,33),
(34,34),
(35,35),
(36,36),
(37,37),
(38,38),
(39,39),
(40,40),
(41,41),
(42,42),
(43,43),
(44,44),
(45,45),
(46,46),
(47,47),
(48,48),
(49,49),
(50,50),
(51,51),
(52,52),
(53,53),
(54,54),
(55,55),
(56,56),
(57,57),
(58,58),
(59,59),
(60,60),
(61,61),
(62,62),
(63,63),
(64,64),
(65,65),
(66,66),
(67,67),
(68,68),
(69,69),
(70,70),
(71,71),
(72,72),
(73,73),
(74,74),
(75,75),
(76,76),
(77,77),
(78,78),
(79,79),
(80,80),
(81,81),
(82,82),
(83,83),
(84,84),
(85,85),
(86,86),
(87,87),
(88,88),
(89,89),
(90,90),
(91,91),
(92,92),
(93,93),
(94,94),
(95,95),
(96,96),
(97,97),
(98,98),
(99,99),
(100,100),
(101,101),
(102,102),
(103,103),
(104,104),
(105,105),
(106,106),
(107,107),
(108,108),
(109,109),
(110,110),
(111,111),
(112,112),
(113,113),
(114,114),
(115,115),
(116,116),
(117,117),
(118,118),
(119,119),
(120,120),
(121,121),
(122,122),
(123,123),
(124,124),
(124,125),
(124,126),
(127,127),
(128,128),
(128,129),
(130,130),
(131,131),
(132,132),
(133,133),
(133,134),
(133,135),
(136,136),
(137,137),
(138,138),
(139,139),
(139,140),
(139,141),
(142,142),
(143,143),
(143,144),
(145,145),
(146,146),
(146,147),
(146,148),
(146,149),
(146,150),
(146,151),
(146,152),
(146,153);

INSERT INTO public.propietario (id_vivienda,id_persona) VALUES
(1,124),
(2,125),
(3,126),
(4,127),
(5,128),
(6,129),
(7,130),
(8,131),
(9,132),
(10,133),
(11,134),
(12,135),
(13,136),
(14,137),
(15,138),
(16,139),
(17,140),
(18,141),
(19,142),
(20,143),
(21,144),
(22,145),
(23,146),
(24,147),
(25,148),
(26,149),
(27,150),
(27,151),
(28,152),
(29,153),
(30,153),
(31,153);


INSERT INTO public.reside (id_vivienda,id_persona) VALUES
(1,124),
(2,125),
(3,126),
(4,127),
(5,128),
(6,129),
(7,130),
(8,131),
(9,132),
(10,133),
(11,134),
(12,135),
(13,136),
(14,137),
(15,138),
(16,139),
(17,140),
(18,141),
(19,142),
(20,143),
(21,144),
(22,145),
(23,146),
(24,147),
(25,148),
(26,149),
(27,150),
(27,151),
(28,152),
(29,153);


INSERT INTO public.ubicado_en (id_vivienda,id_municipio) VALUES
(1,47),
(2,19),
(3,1),
(4,65),
(5,90),
(6,20),
(7,89),
(8,15),
(9,106),
(10,59),
(11,69),
(12,89),
(13,18),
(14,89),
(15,9),
(16,23),
(17,97),
(18,61),
(19,86),
(20,14),
(21,27),
(22,93),
(23,103),
(24,22),
(25,21),
(26,6),
(27,66),
(28,56),
(29,71),
(30,74);

INSERT INTO public.trabajo (id_trabajo, cargo, empresa, salario, id_persona) VALUES
(1, 'Analista', 'TechCorp', 4500, 1),
(2, 'Desarrollador', 'Innovate Inc.', 5200, 2),
(3, 'Gerente', 'Global Solutions', 7000, 3),
(4, 'Soporte Técnico', 'CyberTech', 3500, 4),
(5, 'Consultor', 'Alpha Systems', 6000, 5),
(6, 'Analista', 'CyberTech', 4800, 1),
(7, 'Desarrollador', 'Alpha Systems', 5500, 2),
(8, 'Gerente', 'Innovate Inc.', 7500, 3),
(9, 'Soporte Técnico', 'TechCorp', 3000, 4),
(10, 'Consultor', 'Global Solutions', 5800, 5),
(11, 'Analista', 'TechCorp', 4900, 6),
(12, 'Desarrollador', 'Global Solutions', 5300, 7),
(13, 'Gerente', 'CyberTech', 8000, 8),
(14, 'Soporte Técnico', 'Alpha Systems', 3400, 9),
(15, 'Consultor', 'Innovate Inc.', 6200, 10),
(16, 'Analista', 'TechCorp', 4600, 11),
(17, 'Desarrollador', 'CyberTech', 5700, 12),
(18, 'Gerente', 'Alpha Systems', 7900, 13),
(19, 'Soporte Técnico', 'Innovate Inc.', 3100, 14),
(20, 'Consultor', 'Global Solutions', 6100, 15),
(21, 'Analista', 'TechCorp', 4600, 16),
(22, 'Desarrollador', 'Innovate Inc.', 5400, 17),
(23, 'Gerente', 'Global Solutions', 7800, 18),
(24, 'Soporte Técnico', 'CyberTech', 3500, 19),
(25, 'Consultor', 'Alpha Systems', 6200, 20),
(26, 'Analista', 'Global Solutions', 4900, 21),
(27, 'Desarrollador', 'Alpha Systems', 5300, 22),
(28, 'Gerente', 'TechCorp', 8000, 23),
(29, 'Soporte Técnico', 'Innovate Inc.', 3700, 24),
(30, 'Consultor', 'CyberTech', 6100, 25),
(31, 'Analista', 'Alpha Systems', 4700, 26),
(32, 'Desarrollador', 'CyberTech', 5200, 27),
(33, 'Gerente', 'Innovate Inc.', 7900, 28),
(34, 'Soporte Técnico', 'Global Solutions', 3400, 29),
(35, 'Consultor', 'TechCorp', 5800, 30),
(36, 'Analista', 'CyberTech', 4500, 31),
(37, 'Desarrollador', 'Global Solutions', 5300, 32),
(38, 'Gerente', 'Alpha Systems', 7800, 33),
(39, 'Soporte Técnico', 'Innovate Inc.', 3200, 34),
(40, 'Consultor', 'TechCorp', 6000, 35),
(41, 'Analista', 'Innovate Inc.', 4700, 36),
(42, 'Desarrollador', 'Alpha Systems', 5400, 37),
(43, 'Gerente', 'CyberTech', 8000, 38),
(44, 'Soporte Técnico', 'Global Solutions', 3500, 39),
(45, 'Consultor', 'TechCorp', 5900, 40),
(46, 'Analista', 'Alpha Systems', 4800, 41),
(47, 'Desarrollador', 'Innovate Inc.', 5600, 42),
(48, 'Gerente', 'TechCorp', 7700, 43),
(49, 'Soporte Técnico', 'Global Solutions', 3100, 44),
(50, 'Consultor', 'CyberTech', 6200, 45),
(51, 'Analista', 'CyberTech', 4500, 46),
(52, 'Desarrollador', 'Alpha Systems', 5200, 47),
(53, 'Gerente', 'TechCorp', 7600, 48),
(54, 'Soporte Técnico', 'Innovate Inc.', 3300, 49),
(55, 'Consultor', 'Global Solutions', 6100, 50),
(56, 'Analista', 'TechCorp', 4600, 51),
(57, 'Desarrollador', 'CyberTech', 5500, 52),
(58, 'Gerente', 'Alpha Systems', 7900, 53),
(59, 'Soporte Técnico', 'Innovate Inc.', 3100, 54),
(60, 'Consultor', 'Global Solutions', 6300, 55);